triforce,hidden
fellowship,hidden
dragons,hidden
disciples,hidden
nintendo,hidden
forrest gump,hidden
wizard,topic
dwarves,topic
archers,topic
trains,topic
bounty hunters,topic
major arcana,given
coins,topic
mushrooms,topic
lauren faust,topic
disney & pixar,topic
space programs,topic
the hunger games,topic
animals,topic
mit,topic
major arcana,topic
robert pattinson characters,topic
colorful characters,topic
literature,topic
my little pony,topic
greek mythology,topic
time travel,topic
birds,topic
pirates,topic
metals,topic
